	Coefficient	P-value	C-index	C_low	C_up	Coefficient_permutated_mean	Coefficient_permutated_std	P-value_permutated_mean	P-value_permutated_std	C-index_permutated_mean	C-index_permutated_std	C_low_permutated_mean	C_low_permutated_std	C_up_index_permutated_mean	C_up_permutated_std	FDR	Better_than_permuted
CD8+ None maturity and None expression	-0.38486218233133723	0.12146311712220853	0.6040955631399317	-0.8719382953043462	0.10221393064167178	-0.3975764898327838	0.9967830466938993	0.4973073835244099	0.2904166314502621	0.5219567690557452	0.05098884222705066	-2.444986984671549	1.4271052743898123	1.6498340050059817	0.6777120379917834	0.5807614860883459	True
CD4+ None maturity and None expression	0.03006969818178394	0.837345707398369	0.534698521046644	-0.2570148208104943	0.3171542171740622	-0.1688071173211479	1.1689216583974182	0.5223313122456482	0.24769085469172353	0.546075085324232	0.022223645864982537	-2.729621297843221	1.7036202341510431	2.392007063200925	0.6867819638914736	0.9528416670395233	False
Treg None maturity and TIGIT+ expression	0.04542187263747947	0.7659236959969128	0.5335608646188851	-0.2536104588647635	0.3444542041397225	-0.3281688338866003	2.4120128315024583	0.4451664187850496	0.32283303873011215	0.556541524459613	0.058544113699362625	-3.5847862690077763	3.4141146603985546	2.9284486012345754	1.5774662860649669	0.9275406226751604	False
Treg TE maturity and None expression	0.1889152906695678	0.22652513115831607	0.5620022753128555	-0.11725294215640264	0.49508352349553825	0.034392814485248654	0.5465608908466361	0.6582934787760444	0.2467502198055849	0.5281001137656428	0.03834695400733962	-1.5729502486420528	0.6116660335180244	1.64173587761255	0.5141495644965268	0.6826727483853603	True
Treg None maturity and PD-1+ expression	0.10483365420023719	0.5265764493029078	0.5290102389078498	-0.21964039762906154	0.42930770602953594	-0.0858586030713942	2.8715884336994484	0.3444679658584807	0.33808756604267665	0.537656427758817	0.038734486597967355	-3.6518684511193866	4.82476657524466	3.480151244976599	1.1698536329488873	0.7929102195322419	False
Treg NV maturity and None expression	0.15871909852226898	0.300665490190834	0.5381114903299203	-0.14184275175632036	0.45928094880085835	-0.28955440840377844	0.7407911578617357	0.5009923449201571	0.3417983323880912	0.5531285551763367	0.04647378725113696	-1.7691603563829759	0.7347852105867201	1.1900515395754192	0.7582900425061827	0.7142932511867233	False
Treg None maturity and HLA-DR+ expression	0.02385865428455057	0.879914285145036	0.5164960182025028	-0.28566451737135395	0.3333818259404551	-1.2837843598758805	2.5964423977074604	0.3467426714160486	0.2289850022966564	0.519226393629124	0.0636766537009666	-4.983497784256235	3.8267809889107482	2.4159290645044758	1.438778608697143	0.9599064928854939	False
Treg EMTM maturity and None expression	-0.012581646365189412	0.9355529462955203	0.48236632536973834	-0.31754629524461314	0.29238300251423427	0.20801886064354305	1.738547831045345	0.366494172073605	0.1626855985654947	0.5212741751990898	0.050427318956689955	-2.9879780510000407	2.2068377334926415	3.4040157722871265	1.6849403639620193	0.9921480460874181	False
Treg CM maturity and None expression	0.17170164848933664	0.26439026592820547	0.5779294653014789	-0.12982756029275447	0.4732308572714278	-1.2583962713654162	1.8048831479319165	0.5614892687607209	0.23161094186201944	0.5093287827076223	0.03906007120112627	-6.669081656086119	2.846010417656344	4.1522891133552875	2.3079417923321204	0.7122350020923086	True
Treg None maturity and CD39+ expression	0.005134628579608272	0.9728115603774079	0.5335608646188851	-0.2901418342814422	0.30041109144065875	-0.5044158119652095	1.5003253431253882	0.5541323970272198	0.19228688636745855	0.5477815699658704	0.06361371506097604	-3.472098572963123	2.5464452460631293	2.463266949032704	0.7491616566542181	0.9921480460874181	False
Treg None maturity and CD226-TIGIT+ expression	-0.03783895645517937	0.8130473919349848	0.5017064846416383	-0.35142913375439633	0.2757512208440376	0.3108325500337148	2.0629456689134273	0.27502022073824867	0.25134323357739463	0.5475540386803186	0.022060269946828717	-2.879387059547389	3.0385732201323146	3.5010521596148187	1.241544456662341	0.9474566719934966	False
Treg None maturity and CD226-TIGIT- expression	-0.035235242793617075	0.8254357369640312	0.5039817974971559	-0.3483476989621364	0.2778772133749023	-0.3663658196505628	0.9974625144804571	0.35991977676531883	0.23212261358189296	0.5620022753128555	0.042812779090603235	-2.0292536821837017	1.1715129764986292	1.2965220428825768	0.831175833975268	0.9474566719934966	False
Treg None maturity and CD226+TIGIT+ expression	0.08443820520548764	0.5680844038238653	0.5415244596131968	-0.2054603748902791	0.37433678530125436	-0.5795338025881274	1.8976488930018296	0.5051820655810866	0.3593298042395765	0.543344709897611	0.06840182332464279	-3.766570572485952	2.8311658337926575	2.6075029673096974	1.1777468281532812	0.8331904589416691	False
CD8+ None maturity and TIGIT+ expression	-0.3216949865721996	0.16633568856032682	0.5836177474402731	-0.777241746432983	0.13385177328858383	0.0024595984144456075	0.47661993385552276	0.6648840350691332	0.1014599701436564	0.49897610921501706	0.041233415182358915	-2.042784705030038	0.7344636603553027	2.0477039018589296	0.360964237016343	0.6327377148331685	True
CD8+ TE maturity and TIGIT+ expression	-0.31838781451665515	0.1563825578362345	0.5733788395904437	-0.7586683126627312	0.1218926836294208	-0.1186664274701316	1.5864835251752205	0.4038374094646507	0.3033230112839442	0.5556313993174061	0.039528281458898744	-2.3240034072418885	2.1129711879210946	2.0866705523016256	1.1545745012232882	0.6327377148331685	True
CD8+ TE maturity and PD-1-TIGIT+ expression	-0.3942027143722095	0.10829760481018921	0.5597269624573379	-0.8753203999148687	0.08691497117044972	0.122104242810312	1.207624417597289	0.3886060159169125	0.18460168846761277	0.5316268486916951	0.054671582621479906	-2.2802131270779786	1.635727799383724	2.5244216126986023	0.8760627158205515	0.5807614860883459	True
CD8+ TE maturity and PD-1-TIGIT- expression	-0.40962921601150937	0.11186734622663695	0.5733788395904437	-0.9146175209786971	0.09535908895567835	-0.03256018609480216	0.703255866423608	0.5892738164388855	0.24227083093823057	0.5061433447098976	0.05222189989487776	-1.9585787185176895	1.0251578335048661	1.8934583463280847	0.5161615194864928	0.5807614860883459	True
CD8+ TE maturity and PD-1+TIGIT+ expression	-0.21133741501282358	0.2941973535439576	0.5665529010238908	-0.6062184683316685	0.1835436383060213	0.2353050926313755	1.353736687192324	0.505648244802261	0.2164313320573676	0.5085324232081911	0.057601826721390297	-2.778878250382251	2.1116745115705413	3.2494884356450013	1.096894997591871	0.7142932511867233	True
CD8+ TE maturity and PD-1+TIGIT- expression	-0.2840577830388926	0.21290796005178628	0.5642775881683731	-0.7310222833167614	0.16290671723897626	-0.41483072973182045	0.7908154203160338	0.5528457057359427	0.26575241507011504	0.5296928327645052	0.052109632086541	-2.5032599865092	1.0613504226106176	1.6735985270455593	0.5941914841208245	0.6826727483853603	True
CD8+ TE maturity and PD1+ expression	-0.2460634048769616	0.25185804488569974	0.5688282138794084	-0.6669529172388072	0.17482610748488403	0.1060544127928241	1.1884480015631058	0.49869651491686645	0.2957882221101904	0.5269624573378839	0.04953915737911722	-2.501592341078723	1.5839879885949126	2.713701166664371	0.9410522608523202	0.7073459984023908	True
CD8+ TE maturity and HLA-DR+ expression	-0.35810338051642027	0.12191629033612103	0.6097838452787259	-0.8118651966088954	0.09565843557605486	-0.317784109394486	1.1938425243022484	0.4007906487808642	0.2500194043435412	0.5341296928327646	0.047866142176135204	-2.4433418510137908	1.6852075308151166	1.8077736322248188	0.773464709010276	0.5807614860883459	True
CD8+ TE maturity and CD39+ expression	-0.07004438479314855	0.7067209824419561	0.5170648464163823	-0.4349069270578488	0.29481815747155166	0.6553113723359526	0.7594131357578874	0.5001138107292168	0.3414742682347598	0.551080773606371	0.05298157714004205	-1.1774595341085758	0.958507576441326	2.488082278780481	0.7063785091272519	0.8800676385126247	False
CD8+ TE maturity and CD226+ expression	-0.3921951423366755	0.09120723846255915	0.5870307167235495	-0.8472924781181177	0.06290219344476666	-0.25371026540220887	0.8583487007477077	0.4732742118496286	0.23381374708515545	0.5337883959044369	0.05136062050632877	-2.143494926404731	0.9640316381069183	1.6360743956003134	0.7970175183320973	0.5807614860883459	True
CD8+ TE maturity and None expression	-0.4410793478082971	0.07469454296768453	0.5927189988623436	-0.926116903394202	0.04395820777760778	0.08250047542977339	0.8029587498270332	0.45030384519817934	0.2670415567132059	0.5541524459613196	0.07549522684817173	-1.7569549637457598	1.002234021202361	1.9219559146053065	0.6580541661571822	0.5807614860883459	True
CD8+ None maturity and PD-1-TIGIT- expression	-0.40764884874532675	0.1231918303823764	0.590443686006826	-0.925955693958759	0.11065799646810554	0.5204497352516255	1.0310798894373838	0.4194177349874093	0.29674852035452504	0.5662116040955631	0.04303004033240047	-1.2089601263179088	1.2654061440361997	2.2498595968211594	0.8563634127815483	0.5807614860883459	True
CD8+ None maturity and PD-1+TIGIT+ expression	-0.20038383175811308	0.3224413637742101	0.5705346985210467	-0.5973152055197198	0.19654754200349367	0.4864350834043035	1.036415018525714	0.4356667946686117	0.25190239628685235	0.5450511945392491	0.04130006224847824	-1.7068661471852309	1.1806990569918336	2.6797363139938377	0.935356867731321	0.7142932511867233	True
CD8+ None maturity and PD-1+TIGIT- expression	-0.3330173903761651	0.16978404229751987	0.5767918088737202	-0.8084365888009892	0.14240180804865893	-0.6788391666836656	0.8744980059422217	0.463173389233457	0.2944227971111715	0.537542662116041	0.050992522664385545	-2.820914610759903	1.2696306527945445	1.4632362773925716	0.5531151753991405	0.6327377148331685	True
CD8+ None maturity and PD1+ expression	-0.26420517262481763	0.2260326338732127	0.5864618885096701	-0.6919390657978788	0.16352872054824358	-0.05570548764806811	1.5472993155581196	0.4539075966252799	0.29350739935080766	0.5225255972696246	0.07443447013418748	-2.626883227591983	2.0612808376685696	2.515472252295847	1.1440578271755422	0.6826727483853603	True
CD8+ NV maturity and TIGIT+ expression	-0.12028552058402056	0.5286068130214946	0.5130830489192264	-0.4944205920860888	0.25384955091804773	-0.2761882806520418	0.8600054898951387	0.4323632260953648	0.22110299962986088	0.5307167235494881	0.04130256921393383	-2.2169876303816167	0.9715261538078029	1.664611069077533	0.7765685240123461	0.7929102195322419	False
CD8+ NV maturity and PD-1-TIGIT+ expression	-0.04100182334507681	0.8227871737157576	0.4926052332195677	-0.3998226781855907	0.3178190314954371	-0.8385420131389095	1.1042703875447835	0.46342350849914515	0.17499231111629104	0.5353811149032992	0.06297357374960154	-3.5367572089960158	1.8428911287534728	1.8596731827181965	0.4744425182972253	0.9474566719934966	False
CD8+ NV maturity and PD-1-TIGIT- expression	0.13304432046643166	0.38863317625487026	0.4857792946530148	-0.16942923589167558	0.4355178768245389	0.36489809786848726	0.727031971921042	0.5820686667040972	0.2941335546982507	0.5222980659840728	0.035003785974252556	-1.478391139784917	0.6672434346090677	2.2081873355218917	0.8309748104093173	0.7142932511867233	False
CD8+ NV maturity and PD-1+TIGIT+ expression	-0.16475635406207295	0.3691396201383389	0.5051194539249146	-0.5243170919310672	0.19480438380692133	-0.27095427066385147	1.1409480147403126	0.5126324064503768	0.23027420008755442	0.521046643913538	0.06627764124518548	-2.135532800347633	1.782799781048114	1.5936242590199303	0.5372214003576932	0.7142932511867233	False
CD8+ NV maturity and PD-1+TIGIT- expression	-0.04648395587826981	0.8017863033494504	0.45164960182025027	-0.40940756895713326	0.31643965720059364	-0.11840768115204661	1.6964841496741185	0.44816802019033497	0.283437811154687	0.5206484641638225	0.05914722158034816	-2.903222376518277	2.6105040937949777	2.666407014214183	0.9395050991756531	0.9474566719934966	False
CD8+ NV maturity and PD1+ expression	-0.1318386167026124	0.4684623505361305	0.49032992036405004	-0.4882592184187421	0.22458198501351725	0.5369655543041186	0.9941332840217703	0.4035471769328639	0.23113707408931658	0.5159271899886235	0.058726106900237884	-1.494186346750522	1.1621687866478745	2.568117455358759	1.01594868150721	0.7541101252532832	False
CD8+ NV maturity and HLA-DR+ expression	-0.10920801978148945	0.6001599663794701	0.48976109215017066	-0.5175556682127674	0.2991396286497886	-0.10380632619340213	0.782186017935031	0.5704391305939682	0.2813359619663216	0.5374288964732652	0.049485308464075936	-2.005187976205991	1.054650710611537	1.7975753238191872	0.6162347600251586	0.836594077386287	False
CD8+ NV maturity and CD39+ expression	0.09919453464145932	0.5106055024578802	0.5483503981797497	-0.1963202036977123	0.39470927298063097	-0.6475805838856094	1.6060839759222536	0.4681971239618303	0.31358494704164325	0.5324232081911262	0.04596117888217768	-3.2323314309913016	2.1989239440391426	1.937170263220083	1.0550046062688034	0.7929102195322419	True
CD8+ NV maturity and CD226+ expression	0.06117513587308469	0.6928198858842665	0.49715585893060293	-0.24234790925373784	0.36469818099990725	-0.1570862043042769	0.8598698714969326	0.5088076825730061	0.26090322987723114	0.520136518771331	0.04064411931309963	-2.016603116951521	1.063855447377936	1.7024307083429668	0.6834074265528572	0.8797239852773362	False
CD8+ NV maturity and None expression	0.24370429064848612	0.1010994663148613	0.5517633674630261	-0.0476272408219425	0.5350358221189148	0.6177482540910377	0.9017248160506962	0.4260226688557206	0.29154736906061707	0.5257110352673492	0.04743208775278634	-1.458451072476303	1.1580516869508055	2.693947580658379	0.7621811099573108	0.5807614860883459	True
CD8+ None maturity and HLA-DR+ expression	-0.39063494081382766	0.11747412320164616	0.6143344709897611	-0.8797106108355994	0.09844072920794411	-0.43062008817875236	1.4203977335250888	0.49101181455872267	0.30446928305191656	0.5475540386803186	0.041930163891282096	-2.580925261989681	1.9543823827358413	1.7196850856321766	0.9946176379038317	0.5807614860883459	True
CD8+ EMTM maturity and TIGIT+ expression	-0.23105192807940908	0.30606832069554574	0.6035267349260524	-0.673504767352142	0.2114009111933239	0.24424816496460147	1.1547254588859557	0.4147406481369737	0.2245467675992189	0.538566552901024	0.049655021515490436	-2.1223893099719953	1.6963080928221386	2.6108856399011975	0.7430430142808688	0.7142932511867233	True
CD8+ EMTM maturity and PD-1+TIGIT- expression	-0.5845152551572949	0.06418699415227364	0.6040955631399317	-1.2034800738334395	0.03444956351884976	-1.643458984547781	3.8525352428754793	0.37773392103763626	0.2811266803555884	0.5417519908987486	0.040879084071469465	-7.351127170736999	6.946042897000776	4.064209201641438	2.047757954003922	0.5807614860883459	True
CD8+ EMTM maturity and HLA-DR+ expression	-0.3958934004651694	0.16250626018397288	0.6217292377701934	-0.9514467347492674	0.15965993381892862	-0.4395750895882303	1.890859867951623	0.40417834984301493	0.22579416035051553	0.5298065984072811	0.057736596107096576	-3.668842862974183	3.1849630590965696	2.789692683797722	1.032302720986039	0.6327377148331685	True
CD8+ EMTM maturity and CD226+ expression	-0.4646766715891921	0.11237610402365297	0.6183162684869169	-1.0383398928495438	0.1089865496711595	-0.5427561263543978	2.1130197868073646	0.5904334278279798	0.31405606588411444	0.5313993174061433	0.057815896655151466	-4.632134663249149	4.218677083557131	3.5466224105403525	1.2022982039493335	0.5807614860883459	True
CD8+ CM maturity and TIGIT+ expression	0.14997087499881218	0.5097869110801855	0.5068259385665529	-0.2959500914346557	0.59589184143228	0.5869707527223323	1.8013082014891058	0.4979647851755094	0.23917924314534572	0.49613196814561994	0.0783125037518301	-3.254110870125443	2.8624127685286096	4.4280523755701084	3.4371220542770473	0.7929102195322419	True
CD8+ CM maturity and PD-1-TIGIT+ expression	-0.004789826992263291	0.9887722847710718	0.502844141069397	-0.6719072095234647	0.6623275555389382	-5.630717430277516	9.6995104320907	0.3598509540331934	0.1923688600745289	0.48839590443686004	0.05221595142099562	-20.435403943416976	20.12560272235931	9.173969082861948	5.175872908232767	0.9921480460874181	True
CD8+ CM maturity and PD-1-TIGIT- expression	0.08425427545967643	0.6211077241201222	0.4857792946530148	-0.24983774335626743	0.4183462942756203	-0.7666593235278434	2.367120895236654	0.34892323339157466	0.24751892282161023	0.5328782707622298	0.04037061637837858	-4.130804022278071	4.043817198693354	2.5974853752223837	0.885884842932321	0.836594077386287	False
CD8+ CM maturity and PD-1+TIGIT+ expression	0.14469168536358004	0.39788711289071566	0.4863481228668942	-0.1907592642049548	0.48014263493211484	0.08702054502332861	1.316719898576018	0.45498140194307074	0.21631329317054704	0.5150739476678042	0.05137702906204675	-2.819473175306199	2.4308072460281385	2.9935142653528555	0.8061479944289899	0.7142932511867233	False
CD8+ CM maturity and PD-1+TIGIT- expression	0.22127346689266555	0.3235194670993641	0.4840728100113766	-0.2180149225573528	0.6605618563426839	-0.5142455573605217	2.2018066485670835	0.43650131927011293	0.15228685691142704	0.5104664391353811	0.027894862354404845	-4.589192961437633	4.598876955644266	3.560701846716589	1.6824877874723927	0.7142932511867233	False
CD8+ CM maturity and HLA-DR+ expression	0.19334522521479008	0.4171601735609559	0.4641638225255973	-0.273710906314166	0.6604013567437461	1.0032684821029	1.984594269701216	0.4412687846662628	0.32715247872504205	0.5424345847554037	0.052001726517042816	-2.155381740733039	3.234501696526284	4.16191870493884	1.7232308522358712	0.7293314790543466	False
CD8+ CM maturity and CD39+ expression	0.10010259354364985	0.5249886869702592	0.4738339021615472	-0.20854203379187014	0.40874722087916987	0.3357377622826802	0.9408785537845621	0.5131943965127462	0.29508245215147283	0.5246302616609784	0.05508128401735952	-1.758121171162676	1.1749594051913568	2.429596695728036	0.7429784098416709	0.7929102195322419	False
CD8+ CM maturity and CD226+ expression	0.18631427381978247	0.4584640875060766	0.4778156996587031	-0.3062402802110997	0.6788688278506647	-2.140246759868039	4.167321317809012	0.4499839894537322	0.1789598693734339	0.5110352673492605	0.03670172029698311	-8.902067315391657	8.788771563511022	4.62157379565558	2.245038880772065	0.7494734416716925	False
CD8+ CM maturity and None expression	0.4475923135522931	0.038803480303689374	0.5676905574516496	0.023026787700029194	0.872157839404557	-1.2235127162728285	3.9955660458614766	0.46374876315437225	0.25355675583234816	0.5449374288964732	0.06640640021394105	-5.229349055270698	7.11270237066879	2.782323622725041	1.1809910573322553	0.5807614860883459	True
CD8+ None maturity and CD39+ expression	-0.17195236102961095	0.4004371256652842	0.5437997724687145	-0.5727659678601097	0.22886124580088782	0.4097040635156719	0.9731395872130468	0.507600466391816	0.24856444439390984	0.5275312855517634	0.04360668400493413	-1.930923574823319	1.4247820608535653	2.7503317018546634	0.7808815708076499	0.7142932511867233	True
CD8+ None maturity and CD226+ expression	-0.42415587846823466	0.08585776266255413	0.6131968145620023	-0.90814449911037	0.059832742173900666	0.07721511275460935	0.6162867810971482	0.5482165920382887	0.25614975447641175	0.5129692832764505	0.02992036405005688	-1.5841646290721325	0.7515735218889098	1.7385948545813512	0.5156718217555109	0.5807614860883459	True
CD4+ TE maturity and TIGIT+ expression	0.04919961159563774	0.8224386713391524	0.5233219567690558	-0.38050350885680184	0.4789027320480773	-1.6396691296493386	3.294953169149419	0.4409488281806661	0.2385956811585695	0.5102389078498294	0.05551775023766649	-7.878422998395557	7.3937864744415	4.599084739096877	2.2845394256459626	0.9474566719934966	True
CD4+ TE maturity and PD-1-TIGIT+ expression	0.8734567645826151	0.07267531943587016	0.5893060295790671	-0.0803444663993792	1.8272579955646093	-6.712258778125578	10.479390824460456	0.4078118519183621	0.2397304610557127	0.5131968145620023	0.0571381074656168	-25.94290556359	21.642542801391212	12.518388007338846	9.071421084582433	0.5807614860883459	True
CD4+ TE maturity and PD-1-TIGIT- expression	-0.12820754827311975	0.5092521619664347	0.4869169510807736	-0.5089366208896281	0.2525215243433886	0.608410288392242	1.283724876034921	0.4050956256220323	0.27400403459756606	0.5309442548350398	0.057552485878657036	-1.5813400316148787	1.5073031177185108	2.7981606083993618	1.1415194085755127	0.7929102195322419	False
CD4+ TE maturity and PD-1+TIGIT+ expression	0.059830266766189834	0.7785496132770688	0.5267349260523322	-0.35717239772052234	0.47683293125290205	-3.0364591219304975	5.5216506758040955	0.5096694480411951	0.31011126532411953	0.5437997724687145	0.04322495617471008	-10.27168241164909	11.919646637441971	4.198764167788094	2.2929209980836407	0.9342595359324826	False
CD4+ TE maturity and PD-1+TIGIT- expression	-0.20442467164037023	0.29063357076148794	0.5045506257110353	-0.5835791848117187	0.17472984153097823	-0.043647769468115716	0.8504465179716197	0.5268938860228924	0.2559231073674715	0.5147895335608647	0.05969011269111776	-2.0272135717026845	1.1156642320389314	1.9399180327664531	0.6621711642530763	0.7142932511867233	False
CD4+ TE maturity and PD1+ expression	-0.11261610306865805	0.6054181743978302	0.5	-0.5398575973975006	0.3146253912601845	0.7088110892432757	1.71922859220772	0.4002160736565024	0.28175440435111415	0.5358361774744027	0.03721023576282332	-2.0658168367387644	2.5375205861212167	3.4834390152253163	1.2349574145183104	0.836594077386287	False
CD4+ TE maturity and HLA-DR+ expression	-0.21498502641904982	0.3802865823054614	0.5051194539249146	-0.6952427139046699	0.2652726610665702	0.47906629863083605	1.8470553449140912	0.6192186812918692	0.35422890594560114	0.5078498293515359	0.04911514594523604	-3.4277573772611367	2.891395242528753	4.38588997452281	2.2208846525531576	0.7142932511867233	False
CD4+ TE maturity and CD39+ expression	0.008678458503543075	0.9552581315505738	0.5011376564277589	-0.29449336184020247	0.31185027884728866	-0.5110927131558632	0.9836331943324129	0.4294243355174112	0.24156867508909974	0.5367463026166097	0.03748331918295659	-2.766587991276623	1.1544363319189297	1.744402564964896	0.8441826135494566	0.9921480460874181	False
CD4+ TE maturity and CD226+ expression	-0.1680394522456418	0.4599041573894477	0.4778156996587031	-0.6137081802715698	0.2776292757802863	0.4480246189824017	1.4424311041656535	0.47633967523355836	0.2412072131742209	0.51160409556314	0.05607630744335207	-3.3310194907106103	2.8661991190158447	4.227068728675414	1.3951029712826524	0.7494734416716925	False
CD4+ TE maturity and None expression	-0.7759619032656836	0.12165735670265666	0.5324232081911263	-1.7585203329340464	0.20659652640267911	-0.537752703253614	3.8285008789853787	0.410701711462253	0.24289540547791497	0.5092150170648465	0.04592018795029001	-8.71475253207721	9.81866956738857	7.639247125569982	6.579170840743445	0.5807614860883459	True
CD4+ None maturity and PD-1-TIGIT+ expression	0.35051224977550194	0.33087776435670746	0.5415244596131968	-0.3560165131313408	1.0570410126823446	-1.5164764365569026	5.36084329208483	0.4396869841031611	0.09799038753004485	0.5106939704209329	0.054036764231642845	-14.253361746443204	8.24339651384845	11.2204088733294	8.10109644008455	0.7142932511867233	True
CD4+ None maturity and PD-1-TIGIT- expression	0.0015780477228108404	0.9921480460874181	0.4522184300341297	-0.3127068652543521	0.31586296069997377	0.29930725500324645	1.2592624972811688	0.23954892632122116	0.24407102697503233	0.5659840728100114	0.051923142880625245	-1.4197328661405977	1.3895463831427088	2.0183473761470903	1.1423100431085036	0.9921480460874181	False
CD4+ None maturity and PD-1+TIGIT+ expression	-0.03525117091500334	0.8691038011814612	0.472127417519909	-0.45450057751069195	0.38399823568068525	0.4743148237695139	1.0780039499196297	0.5906477591149966	0.32114993885350074	0.5323094425483503	0.05458724026589219	-2.438700605087271	2.016385354461026	3.387330252626298	1.6179321447611978	0.9599064928854939	False
CD4+ None maturity and PD-1+TIGIT- expression	-0.2223704389280289	0.23698321015684448	0.5455062571103527	-0.5909248582631388	0.14618398040708094	0.13658040520913348	1.0090370591818147	0.45420991100422625	0.24161585078112985	0.5111490329920364	0.05179786071489545	-2.039622757196404	1.1619843445788023	2.3127835676146713	0.9422466461711555	0.6826727483853603	True
CD4+ None maturity and PD-1+ expression	-0.1591486761002548	0.4534838590168464	0.5199089874857793	-0.5752606408228631	0.25696328862235357	0.3578817820034842	1.399666163449207	0.4649410553887866	0.2920002069566088	0.5444823663253697	0.06317671549961582	-2.409732677900204	1.9470929727611155	3.1254962419071726	1.0043176957353557	0.7494734416716925	False
CD4+ NV maturity and TIGIT+ expression	0.11922689818458493	0.3743250937054995	0.5955631399317406	-0.14380795813117742	0.3822617545003473	-0.6256331655497718	1.129647828211146	0.5538430773968035	0.26108055696693677	0.5445961319681456	0.04080064848616435	-2.9832282646844064	1.4607380580981262	1.7319619335848633	0.904661749740885	0.7142932511867233	True
CD4+ NV maturity and PD-1-TIGIT+ expression	0.1767445050706643	0.18043851390116555	0.590443686006826	-0.08188719128146149	0.4353762014227901	0.22635901329886696	1.1400373593478526	0.470237064508663	0.29019231068617535	0.5422070534698521	0.04774078653875551	-1.9778798316446717	1.5856240751379287	2.4305978582424053	0.7620643454627418	0.6357624471327868	True
CD4+ NV maturity and PD-1-TIGIT- expression	0.13315785172920666	0.33177518137894474	0.5250284414106939	-0.13574749773848196	0.4020632011968953	0.058167328826617334	0.6968816198100223	0.6720124117066917	0.27999437638647173	0.5334470989761091	0.041711672975623615	-1.9291430125881237	0.8500326409280208	2.0454776702413584	0.6643327256526108	0.7142932511867233	False
CD4+ NV maturity and PD-1+TIGIT+ expression	0.08562345306698561	0.5632778579381846	0.5927189988623436	-0.2047308596296849	0.3759777657636561	-0.6955930231248579	1.3870836058668152	0.44345627491707534	0.25294169547665013	0.5426621160409557	0.056599979397446605	-3.021447568466906	1.8677064202080147	1.6302615222171901	0.9401694955699098	0.8331904589416691	True
CD4+ NV maturity and PD-1+TIGIT- expression	0.02412448056153759	0.8605320242502441	0.590443686006826	-0.24499294313877407	0.29324190426184926	0.6211086338778673	1.3308957079062278	0.3789436493989354	0.2897837400074582	0.5632536973833903	0.04423845443498411	-1.2625403740472347	1.3509081279825113	2.504757641802969	1.3662621132725952	0.9599064928854939	True
CD4+ NV maturity and PD1+ expression	0.020850272821003067	0.8766470386390564	0.6040955631399317	-0.24242444859985965	0.28412499424186577	-0.37673331751763744	1.3936244511792297	0.5180800753375742	0.3353869394248176	0.5470989761092151	0.05103362398493925	-2.6269414135713154	1.7989626086856765	1.8734747785360404	1.0239682218936383	0.9599064928854939	True
CD4+ NV maturity and HLA-DR+ expression	0.0824135623061538	0.6356865910857179	0.5637087599544938	-0.25855029770295174	0.4233774223152594	-0.08049158654854935	1.233848915306411	0.5098462025461858	0.28473647857827017	0.5461888509670079	0.04259289036563276	-2.791147547466656	1.5383587084443702	2.6301643743695573	1.1956541465788117	0.8448970692342653	True
CD4+ NV maturity and CD39+ expression	0.1327606580050309	0.38839427035727914	0.5568828213879409	-0.1689160338441072	0.434437349854169	0.21278741302558263	1.5695256885409825	0.2930667445331433	0.26530548276222066	0.5645051194539249	0.04623926142775107	-1.8941367718671311	1.8636449267904467	2.3197115979182965	1.298465812053165	0.7142932511867233	False
CD4+ NV maturity and CD226+ expression	0.12736261642663854	0.35597847156553564	0.5113765642775882	-0.14307208538484234	0.3977973182381194	-0.27226116403084594	1.2196050993424479	0.5319052232127683	0.29314292822310245	0.559499431171786	0.034801131407725554	-2.2333957038537227	1.6478193679415116	1.688873375792031	0.8139918595662793	0.7142932511867233	False
CD4+ NV maturity and None expression	0.12919679572301723	0.34571611006787517	0.5159271899886234	-0.13934991739597963	0.3977435088420141	-0.47189440858562265	1.0425772646314857	0.6082610564442849	0.2683295564260256	0.5387940841865756	0.059337698951627216	-2.6126118321190006	1.4209341479540436	1.6688230149477548	0.7119583707651143	0.7142932511867233	False
CD4+ None maturity and HLA-DR+ expression	-0.29537434752228825	0.2572741887142498	0.5415244596131968	-0.8064034848857351	0.21565478984115866	0.12929371913481083	0.9501331771038866	0.6143150848395115	0.22562062664441013	0.5381114903299203	0.045925260976537784	-2.931948472775441	1.7678864393420566	3.190535911045062	0.904573256663674	0.7075040189641869	True
CD4+ EM maturity and PD-1-TIGIT+ expression	-0.043580518027614305	0.8977016008090467	0.5073947667804323	-0.7079606071963859	0.6207995711411572	-1.2595262974063917	5.367084992357794	0.3926254681690014	0.25070766512487186	0.5019340159271899	0.06388687923393606	-8.150667145934415	9.92736793348765	5.631614551121632	3.656740821613003	0.9712836992360178	True
CD4+ EM maturity and PD-1-TIGIT- expression	-0.22648881309118812	0.23790110928580738	0.5642775881683731	-0.6026042216935303	0.14962659551115404	-0.15447768386918856	0.7967304012230905	0.4494338592990911	0.23345625915978094	0.5658703071672356	0.04510115477110309	-1.921890377634244	1.094169968752803	1.6129350098958668	0.526085745858318	0.6826727483853603	False
CD4+ EM maturity and PD-1+TIGIT+ expression	-0.10900464315644968	0.6400735372986859	0.4960182025028441	-0.5659058612737096	0.3478965749608102	-1.1754586093586128	4.183597940464956	0.40370349225105384	0.3395830146366968	0.5195676905574518	0.05581488987667275	-5.805282611840062	6.996612253709322	3.454365393122837	1.7956680729977499	0.8448970692342653	False
CD4+ EM maturity and PD-1+TIGIT- expression	-0.26902054899473243	0.16688868134696097	0.5676905574516496	-0.6504731035104797	0.11243200552101484	0.44292375956933305	0.7293954687271416	0.5676116972306283	0.2865728721350572	0.5308304891922638	0.04005196969247971	-1.3464531489356808	0.937863215395974	2.2323006680743473	0.6237964101573741	0.6327377148331685	True
CD4+ EM maturity and PD1+ expression	-0.227799713448099	0.3070381440108309	0.5358361774744027	-0.6649002405387968	0.20930081364259887	-0.9317572091149093	2.0575490923653774	0.5339746256403115	0.3216810854332143	0.5050056882821388	0.06926907764113564	-4.023763946528218	3.2261342154780155	2.160249528298399	1.1665924836314483	0.7142932511867233	True
CD4+ EM maturity and HLA-DR+ expression	-0.36807798077422726	0.17256483131813685	0.552901023890785	-0.8969746015811328	0.16081864003267832	-1.0665926234607	2.6477634663944736	0.5049784907892352	0.2593679036653103	0.5311717861205916	0.058527862454448965	-4.365729818581454	4.26637524776504	2.2325445716600543	1.3000967762713131	0.6327377148331685	True
CD4+ EM maturity and CD39+ expression	-0.16164880908351312	0.35563382641660524	0.5324232081911263	-0.5046390769170171	0.18134145874999094	0.17896895992163636	0.6693734835553091	0.5018667085460158	0.2635393378474951	0.5373151308304892	0.03733194909430418	-1.3426365691397735	0.7098508143506232	1.7005744889830463	0.6402335821545554	0.7142932511867233	False
CD4+ EM maturity and CD226+ expression	-0.3016589850505154	0.1845738787150573	0.540386803185438	-0.7472720673470545	0.1439540972460237	0.06776240538665661	0.6546878862529896	0.6395514900351694	0.2479935598598835	0.49886234357224113	0.05099506074226599	-2.090241316089604	0.882321812032894	2.2257661268629176	0.5535466190173932	0.6357624471327868	True
CD4+ CM maturity and PD-1-TIGIT+ expression	0.204049296550034	0.2821036223604292	0.5437997724687145	-0.16776842443070666	0.5758670175307747	-0.5083639419104619	2.371137639121208	0.38067268320497166	0.247537051517485	0.5320819112627986	0.039655282775198204	-3.9188634966741516	3.145543285127267	2.902135612853228	1.976952761029893	0.7142932511867233	True
CD4+ CM maturity and PD-1-TIGIT- expression	0.052170293709717076	0.7337701203209442	0.4891922639362912	-0.24846912026340265	0.3528097076828368	-0.019730566241468756	0.9564093702793862	0.526207418826705	0.3087543859933189	0.542320819112628	0.04443287547078713	-2.0450109359406676	0.999526566241927	2.00554980345773	0.9287683851823917	0.9019641257646054	False
CD4+ CM maturity and PD-1+TIGIT+ expression	0.130847117861376	0.3986166754238478	0.5756541524459613	-0.1729763035926821	0.4346705393154341	-0.5185659223105803	1.877162682061278	0.33767159979580724	0.24509238462619823	0.5447098976109215	0.06479410300302751	-3.465554377621733	2.7036884968634185	2.428422533000572	1.2720169025934038	0.7142932511867233	True
CD4+ CM maturity and PD-1+TIGIT- expression	0.06767251933569303	0.6931158671882043	0.5574516496018203	-0.26842877510933477	0.4037738137807208	0.48188675226163324	0.5250197890726044	0.4847543903749541	0.2444100973413875	0.5506257110352674	0.026762747850200955	-1.1503716911157347	0.5901724121110259	2.1141451956390007	0.5075989440548617	0.8797239852773362	True
CD4+ CM maturity and PD1+ expression	0.12854026940546892	0.45330433660344904	0.5472127417519909	-0.2074090404882452	0.46448957929918305	-1.1395631057576892	2.1985283736995154	0.3697743350697829	0.2874016850478623	0.5757679180887372	0.048246425047611605	-4.15111590495553	2.900134401695429	1.8719896934401503	1.5379389685779548	0.7494734416716925	False
CD4+ CM maturity and HLA-DR+ expression	0.1019194790536341	0.6206727202956941	0.5494880546075085	-0.30171692695850205	0.5055558850657702	0.6020714555174981	1.5751150278718538	0.5728432333768122	0.3090210882747197	0.5547212741751991	0.04246126401936112	-2.3583189056140963	1.8515437526994472	3.562461816649092	1.662828935246272	0.836594077386287	False
CD4+ CM maturity and CD39+ expression	0.12598237784694527	0.41991812430401776	0.5381114903299203	-0.1801571686758498	0.43212192436974034	0.08064893240198012	0.902892706931805	0.44043407984382055	0.2372555021764899	0.5335608646188852	0.04491942439681372	-1.7220693436696677	1.009573096077214	1.883367208473628	0.8082577625502753	0.7293314790543466	True
CD4+ CM maturity and CD226+ expression	0.17782194290335546	0.34507892198488777	0.5676905574516496	-0.19130841955350153	0.5469523053602124	0.643094187349055	1.060663252359994	0.5290218378729279	0.33993358855455297	0.531740614334471	0.0650301769305805	-1.654828289447266	1.0981123559642356	2.9410166641453754	1.0669076740801666	0.7142932511867233	True
CD4+ CM maturity and None expression	0.2962293050303565	0.08652390143918592	0.6018202502844141	-0.04250457518854006	0.634963185249253	-0.23639020560532947	1.1899096359170518	0.3857616754713706	0.25580635097070764	0.5484641638225256	0.03730212182015668	-2.324021620621181	1.2728667253678863	1.8512412094105222	1.1288386119977687	0.5807614860883459	True
CD4+ None maturity and CD39+ expression	-0.029421553112642055	0.8651545838946637	0.515358361774744	-0.3689953999531882	0.3101522937279041	-0.03507604790256458	0.681898449885674	0.6287159176775334	0.2824459493315635	0.5162684869169512	0.036050607181503276	-1.656189187065392	0.7115598495104508	1.5860370912602626	0.6724103812728066	0.9599064928854939	False
CD4+ None maturity and CD226+ expression	-0.15067397284761092	0.44934123335785503	0.5085324232081911	-0.5410377452478545	0.23968979955263275	-0.04213703566798716	1.6011312934324338	0.4735783053050312	0.35128361167544614	0.5275312855517634	0.026324150441329238	-3.400640838620654	2.629171012864977	3.3163667672846793	1.0607507390828848	0.7494734416716925	False
Treg_Th22 None maturity and None expression	0.003614042775064291	0.9817424889268861	0.48293515358361777	-0.305915398123532	0.31314348367366057	0.3811228712786531	1.6392042967866562	0.4905839106335793	0.33853234782814506	0.5582480091012514	0.04251563780526994	-1.766357947711839	1.750904628640514	2.5286036902691458	1.5659975247813684	0.9921480460874181	False
Treg_Th2 None maturity and None expression	0.05556915479414751	0.7026984936189531	0.518202502844141	-0.22978362384251236	0.34092193343080734	0.7639582921883956	2.8728685612004674	0.4409628330466469	0.3475569350194622	0.5510807736063709	0.053586395392839666	-2.7171701605234575	3.117350878562088	4.245086744900249	2.810023116077013	0.8800676385126247	False
Treg_Th17 None maturity and None expression	0.06437648550705516	0.6610278560243938	0.5324232081911263	-0.22337077916485315	0.35212375017896347	-0.035905842435901225	0.8453267673026825	0.5960877603393362	0.26173126187754076	0.5376564277588167	0.05556656863484059	-2.168628121488107	0.9853117445506996	2.0968164366163045	0.8370955638832597	0.8639175940120791	False
Treg None maturity and None expression	0.013888236245244394	0.9361735379148435	0.5449374288964732	-0.32602689580004485	0.3538033682905336	0.9503907504285436	3.4808025910548515	0.30740860264718706	0.3165935005441771	0.5197952218430034	0.04940743763854184	-3.8064295540511517	5.670392073472105	5.70721105490824	4.090155934126223	0.9921480460874181	True
Th22 TM maturity and None expression	-0.09221817506500903	0.595841282597358	0.5142207053469852	-0.43299414463215025	0.24855779450213222	-0.14735096808543788	1.068631400690222	0.45558043218713556	0.34756518581257223	0.5542662116040955	0.0515065702576625	-1.6452590601692034	1.1938710884397972	1.3505571239983278	0.9577718613912974	0.836594077386287	False
Th2 TM maturity and None expression	-0.004739357041287168	0.9802459238204739	0.48976109215017066	-0.37989067889267236	0.37041196481009797	0.5687770945998287	1.3939419714195107	0.5169501233852571	0.3517942230863147	0.550967007963595	0.07017237853643092	-2.0874985084971733	1.6066130007321213	3.225052697696831	1.5407583974555195	0.9921480460874181	False
Th17.1 TM maturity and None expression	-0.16747265623106994	0.37149700152908405	0.5591581342434585	-0.534766354308212	0.19982104184607213	0.5561297149901424	0.7423697351061523	0.46795672186864434	0.30722472263097916	0.5441410693970421	0.037373528764809025	-1.1924279327546188	0.7696725447535894	2.304687362734904	0.7466644175192628	0.7142932511867233	True
Th17 TM maturity and None expression	-0.310929818059737	0.10654148457020537	0.5540386803185438	-0.6885231988977539	0.0666635627782799	-0.0035799974090574005	0.7893558577691104	0.4938885916604723	0.30768032001434126	0.5372013651877132	0.04163200809002701	-1.4900869237590129	0.8600233528532587	1.482926928940898	0.7311121553841025	0.5807614860883459	True
Th1 TM maturity and None expression	-0.2558438770150768	0.21736466323215511	0.5915813424345847	-0.662344038631976	0.15065628460182234	0.17978681279695632	1.7046909866719504	0.5014712118658389	0.33204183315593433	0.5422070534698522	0.0763285228586723	-2.2174590883781	2.371460056728542	2.5770327139720126	1.3063530203624714	0.6826727483853603	True
Th22 None maturity and None expression	-0.0025802034818713485	0.987800332506148	0.49829351535836175	-0.33331294627538727	0.3281525393116446	-0.5117236807788749	0.85361433467646	0.37458524464509557	0.22390437340802144	0.5410693970420933	0.05870615825593579	-2.280988079968473	1.045905584466078	1.2575407184107232	0.6828153326641803	0.9921480460874181	False
Th2 None maturity and None expression	0.07901444632828585	0.6117636580455328	0.5199089874857793	-0.22610457935637512	0.38413347201294684	-1.2035222360349198	4.14404899572835	0.45203903416640256	0.2871073677771154	0.528896473265074	0.08433932887146135	-6.245931003529851	5.147533569677661	3.8388865314600102	3.950714482592147	0.836594077386287	False
Th17.1 None maturity and None expression	-0.1001714534948692	0.6003376645093053	0.5489192263936291	-0.4749124760636233	0.27456956907388497	-0.49883190604072764	1.5072148810199442	0.3530462666842857	0.2648781873335783	0.5478953356086462	0.04241551786409106	-2.7386137256323804	2.0272056283904902	1.740949913550925	1.033762886472061	0.836594077386287	True
Th17 None maturity and None expression	-0.0563751266139429	0.737970648352859	0.5073947667804323	-0.3866572362473917	0.2739069830195059	0.3287368645968643	0.7520285118239296	0.4862127646756881	0.2880122876402086	0.5698521046643915	0.044355326038449244	-1.32845599193239	0.8206638713276754	1.9859297211261189	0.7040062057595656	0.9019641257646054	False
Th1 None maturity and None expression	-0.39511181336091095	0.18783890483468704	0.5756541524459613	-0.98311896272263	0.1928953360008081	-1.50162936924919	5.679110101009273	0.36713190523116707	0.30409055861971446	0.5209328782707622	0.0766419977189805	-6.51176091730571	9.424017418796959	3.508502178807331	2.4054185722377373	0.6357624471327868	True
Tfh None maturity and None expression	-0.1295015290166719	0.3957728012848496	0.5062571103526735	-0.4283944054255237	0.16939134739217993	0.15104585204458484	1.0879657657680781	0.435880716561004	0.33814666411149236	0.5485779294653015	0.0512319418418762	-1.6479410244536652	1.2687094507187604	1.9500327285428345	0.9385466192311006	0.7142932511867233	False
Th1 TE maturity and None expression	-1.545142428932139	0.14444805109471828	0.5443686006825939	-3.6202217375594348	0.5299368796951569	-6.8528256692187	29.346035324748534	0.422063141839101	0.2852212530848928	0.5286120591581343	0.07002875999258118	-44.53712355940011	57.395681480297036	30.831472220962706	23.623715502337014	0.6327377148331685	True
Th2 NV maturity and None expression	0.20845795405115167	0.12187120386907711	0.537542662116041	-0.055652452199379615	0.4725683603016829	0.39324726834245344	1.4168630264099011	0.4102391897750219	0.3266687883337537	0.5617747440273038	0.04507991408275434	-1.80309976697898	1.8406154043292196	2.589594303663887	1.0338320208663387	0.5807614860883459	False
Th1 NV maturity and None expression	0.13912136994236313	0.3168475753846634	0.5233219567690558	-0.13329079372049768	0.41153353360522393	0.41001452739153904	0.6920038056622682	0.48087833172141137	0.2845076074950847	0.5300910125142206	0.03213194728079135	-1.2635524686538613	0.8408255923484212	2.0835815234369393	0.5707944049890119	0.7142932511867233	False
Th2 CM maturity and None expression	0.25678306711169613	0.08419205092203651	0.5597269624573379	-0.034661712624718566	0.5482278468481108	0.29003143297953504	1.4217803198360153	0.3898565286732482	0.3074285117711445	0.5496018202502845	0.03030717577645786	-1.7744883976363965	1.654405459739222	2.354551263595467	1.2252551076159877	0.5807614860883459	True
Th17 CM maturity and None expression	0.1719730857596901	0.2361393036508262	0.5517633674630261	-0.11254060673321001	0.4564867782525902	-0.09103116810515521	0.5819718315155584	0.6148977728345828	0.25885913626548934	0.5292377701934016	0.03295592547323773	-1.7887879871952315	0.6340273430741011	1.6067256509849208	0.5663559423850687	0.6826727483853603	True
Th1 CM maturity and None expression	0.2884557037178504	0.11838357546305969	0.5915813424345847	-0.07358632172603968	0.6504977291617404	-0.0229160514898151	1.7310701721653317	0.39543048303202954	0.2646484286917638	0.523037542662116	0.04908446970349429	-3.1193022805099124	2.7846146405935603	3.0734701775302815	1.1789591319780846	0.5807614860883459	True
CD8+ TM maturity and None expression	-0.10509071849519269	0.6117787955537732	0.5750853242320819	-0.5109220887400192	0.30074065174963377	-0.05580707727885913	0.9009430535014384	0.7046439510215199	0.24466806104120015	0.502844141069397	0.04175369579864067	-2.338043243596637	1.346252863174265	2.226429089038919	0.8532359236360261	0.836594077386287	True
CD4+ TM maturity and None expression	-0.25430605540610596	0.15433221004945877	0.5415244596131968	-0.6042305982565774	0.09561848744436546	0.12183817886868435	0.6795781936125307	0.5423571615633833	0.26922380436025617	0.5475540386803186	0.03945896990811445	-1.6250379528201955	0.850699589533765	1.8687143105575639	0.5329348714318343	0.6327377148331685	False
active_t_cells	-0.3349129047490843	0.08118204975947511	0.5733788395904437	-0.7113273477521309	0.0415015382539623	0.05050827019860873	0.9762142669329699	0.5187064631705833	0.3079396400148004	0.5648464163822526	0.0477199071209457	-2.009931431157484	1.02890643677276	2.110947971554702	0.9571686445794593	0.5807614860883459	True
supressed_t_cells	-0.06398609393280562	0.6864804386562173	0.4926052332195677	-0.37468794473783884	0.24671575687222758	-0.19449469472710398	0.996809227714655	0.39352194489542536	0.1903157578993274	0.5456200227531285	0.0410541098931387	-1.9208104354640345	0.884255229475856	1.5318210460098265	1.1214678137039376	0.8797239852773362	False
cd4_t_cells	0.3058163856751526	0.05741588207402182	0.5733788395904437	-0.009629752273586756	0.621262523623892	-0.06784657791394515	1.3745238973965652	0.39436278840687	0.3091444049338935	0.5599544937428896	0.05487184787975959	-2.2381313617688687	1.4410890826721379	2.1024382059409783	1.3428022216744995	0.5807614860883459	True
cd4_t_cells_naive	0.2936078841426697	0.042173778112026473	0.5642775881683731	0.01038093391922762	0.5768348343661118	-0.19574930104399435	0.8484837724989891	0.5699499476736446	0.2756161164532115	0.5393629124004551	0.04830004739609775	-1.803363160000216	0.8780829660414831	1.4118645579122269	0.8372882148856804	0.5807614860883459	True
cd4_t_cells_mature	0.3058163856751526	0.05741588207402182	0.5733788395904437	-0.009629752273586756	0.621262523623892	0.32423440473296816	1.1201022331705772	0.3697443728054112	0.240506208493665	0.5406143344709898	0.037973874103037736	-1.6882316263031991	1.1545590040453544	2.336700435769136	1.1001962426098042	0.5807614860883459	True
cd8_t_cells	-0.29623626655120977	0.059225333444905916	0.5699658703071673	-0.6040057934946957	0.011533260392276201	0.38466930171607017	0.9411997325469189	0.46489044448452377	0.3005786903815839	0.5501706484641639	0.05128092824844492	-1.4490964508650368	0.8696787184766787	2.218435054297177	1.0216748465529482	0.5807614860883459	True
th1	-0.24008974312383333	0.10116032538373754	0.5574516496018203	-0.527151531937897	0.04697204569023031	0.8302380762320144	1.4165454470442018	0.4383936078681659	0.3211199293374937	0.5623435722411833	0.07230887335991759	-1.1392002871931342	1.2425816513372188	2.799676439657163	1.6093825009345193	0.5807614860883459	False
cd4_t_cells_no_th1	0.3430544401529561	0.029667456707597708	0.5893060295790671	0.03384600853435776	0.6522628717715544	0.039494656317612106	0.7874886722487332	0.555494345625952	0.2138818727940153	0.5340159271899887	0.03820629032728531	-2.057784611792769	0.7725712183024762	2.1367739244279935	0.8167065496925302	0.5807614860883459	True
active_to_suppressed_t_cells	0.010700083959040811	0.9450714995011692	0.4499431171786121	-0.29369253508482085	0.3150927030029025	0.16480613673267824	0.5787968460758884	0.6310157402054906	0.29285736512868715	0.5275312855517634	0.045735486359052495	-1.5596722804170793	0.658057384386017	1.8892845538824354	0.5350901453726659	0.9921480460874181	False
cd4_to_cd8_t_cells	0.298227274018255	0.05786413698222288	0.571103526734926	-0.009943109295851016	0.6063976573323611	-0.21029277764106108	1.5736098494871402	0.43427482341251833	0.25162184286330247	0.5197952218430034	0.03898511379141798	-3.443578803390359	2.357998088258308	3.022993248108237	0.9871005183251702	0.5807614860883459	True
